feature,importance_gain,importance_split
AMT_PAY_YEAR,8159.49014866973,440.6666666666667
NEW_EXT_SOURCES_MEAN,66783.1309604486,241.66666666666669
EXT_SOURCE_3,15372.36785043627,239.66666666666669
EXT_SOURCE_2,22958.589714542526,234.33333333333331
EXT_SOURCE_1,5669.1952644189205,230.8666666666667
DAYS_BIRTH,3067.9103614305454,227.2
prev_score_mean,43266.70659984922,196.33333333333331
buro_score_sum,23749.105735556783,186.4666666666667
buro_score_mean,23132.762845067056,176.33333333333334
AGE_EMPLOYED,2985.59468241781,174.33333333333337
DAYS_ID_PUBLISH,1459.9591537197432,165.86666666666665
AMT_DIFF_CREDIT_GOODS,5416.2106369130315,163.8
DAYS_EMPLOYED,3885.9984404982374,162.6
GENDER_FAMILY_STATUS_mean_encode,4726.454675002892,161.53333333333333
pos_score,3637.774949165682,155.2
buro_score_recent2y_sum,5487.394824603922,151.0
AMT_ANNUITY,3142.9165728453545,150.00000000000003
ORGANIZATION_TYPE_mean_encode,3699.7289052059255,148.0
AGE_PAYOFF,1692.8817942515016,144.66666666666669
prev_active_sum_AMT_LEFT,1856.8261879618863,143.6
NEW_EMPLOY_TO_BIRTH_RATIO,2125.653697639238,141.73333333333335
NEW_SOURCES_PROD,7604.755110056016,129.53333333333333
bureau_recent_AMT_CREDIT_SUM,1057.515665482109,126.6
DAYS_REGISTRATION,962.0560943266377,126.4
inst_score,4131.56497424071,125.8
prev_score_last,6638.780069906514,125.6
prev_score_var,1227.896049150328,124.39999999999998
prev_score_max,20069.825280623387,122.6
inst_DAYS_LAST_LATE,859.3418991014362,120.66666666666666
REGION_POPULATION_RELATIVE,939.599800232053,120.2
Total_CREDIT,2519.863810631633,118.93333333333332
inst_sum_DBD_SCALE,2218.6013147388894,117.73333333333332
bureau_avg_DAYS_ENDDATE_FACT,867.1318024913471,114.93333333333335
AMT_ANNUITY_to_prev_approved,1776.8229312865683,112.0
prev_max_DAYS_LAST_DUE,1354.8278388353685,109.46666666666667
buro_score_max,6287.829257349733,105.93333333333332
AMT_ANNUITY_INCOME_RATE,1147.3147403820726,105.6
prev_max_DAYS_LAST_DUE_1ST_VERSION,1642.198658202092,104.06666666666668
month_score_sum,3210.1557369823254,103.33333333333334
bureau_active_sum_AMT_CREDIT_LEFT,1437.8455382719635,103.0
house_score_y,1456.8793076068164,100.46666666666667
Total_AMT_ANNUITY,1184.810712005198,100.46666666666667
OCCUPATION_TYPE_mean_encode,3573.130934983492,99.6
inst_sum_AMT_PAYMENT_SCALE,1875.2010618117638,98.2
prev_active_sum_AMT_PAY_YEAR_LEFT,1275.4436579356593,94.93333333333334
REGION_mean_encode,968.14582086727,93.13333333333333
bureau_active_avg_AMT_CREDIT_LEFT,832.5158527505895,92.73333333333333
inst_mean_DPD_SCALE,1996.623923002804,91.80000000000001
AMT_CREDIT_GOODS_PERC,3225.1176089594765,91.00000000000001
NEW_SCORES_STD,1297.582888758679,91.0
month_score_mean,4341.032378693173,90.53333333333333
bureau_recent_DAYS_CREDIT_ENDDATE,771.8394219191124,90.46666666666667
bureau_min_DAYS_CREDIT,722.1696837544442,89.93333333333332
inst_var_DBD,622.2238645290336,89.6
bureau_recent_AMT_DEBT_RATIO,1209.379207682361,88.66666666666667
buro_score_last,1680.0315634191036,87.33333333333333
inst_sum_DPD_SCALE,820.2328516266618,87.00000000000001
NEW_PHONE_TO_EMPLOYED_RATIO,702.3912816897966,86.46666666666667
bureau_active_avg_AMT_DEBT_RATIO,1100.4241945496758,85.8
buro_score_var,1764.89208278656,85.06666666666665
bureau_sum_AMT_CREDIT_SUM,686.5386865206062,83.53333333333333
bubl_score,936.3563769241175,81.93333333333332
bureau_avg_DAYS_END_DIFF,579.4507424473762,80.66666666666667
prev_max_DAYS_TERMINATION,833.02433845823,80.6
house_score_x,861.9314428910614,79.6
NEW_PHONE_TO_BIRTH_RATIO,695.5424238842601,79.06666666666668
bureau_active_AMT_DEBT_TOTAL_RATIO,811.7520472305516,78.33333333333334
region_mean_income_rel,539.5109939590095,76.13333333333334
bureau_active_sum_DAYS_CREDIT_UPDATE,582.7238194371264,74.4
bureau_active_sum_AMT_CREDIT_SUM,753.1830538059274,74.33333333333334
AMT_CREDIT_to_prev_approved,737.1068779895702,74.26666666666668
bureau_active_avg_DAYS_CREDIT_ENDDATE,510.98690022627505,74.0
prev_avg_DAYS_TOTAL,479.20468110690507,73.20000000000002
prev_score_recent2y_sum,704.7896678676209,73.13333333333334
AMT_CREDIT,1061.6295512075226,72.8
prev_avg_AMT_CREDIT,471.64376575350764,72.53333333333333
YEARS_BEGINEXPLUATATION_MODE,532.1752570526054,72.53333333333333
bureau_active_avg_DAYS_CREDIT_UPDATE,503.4407437105974,72.46666666666667
month_score_std,877.1450694816807,71.6
AMT_PAY_YEAR_to_prev_approved,445.9596486736089,70.13333333333333
Total_CREDIT_INCOME_RATIO,622.6656269740934,70.0
region_mean_income,990.6735445221266,69.93333333333335
bureau_AMT_DEBT_TOTAL_RATIO,839.497815955306,69.73333333333332
bureau_min_DAYS_CREDIT_ENDDATE,604.9053379252553,69.6
month_score_max,2379.684323921055,69.53333333333333
NEW_CAR_TO_BIRTH_RATIO,946.7999434153238,69.4
bureau_active_avg_DAYS_LEFT_RATIO,448.13429462214316,69.26666666666668
bureau_recent_AMT_CREDIT_SUM_DEBT,613.3530906101068,69.2
bureau_active_avg_AMT_CREDIT_SUM,486.76120222310226,69.00000000000001
inst_mean_DBD,469.88352840443457,68.93333333333332
OWN_CAR_AGE,1298.8850364267826,68.6
bureau_active_avg_DAYS_CREDIT,484.2745087206364,68.26666666666668
NEW_CAR_TO_EMPLOY_RATIO,999.8739545146625,66.53333333333333
prev_avg_RATE_DOWN_PAYMENT,450.6305696594219,66.06666666666666
DAYS_LAST_PHONE_CHANGE,706.1616146604221,66.06666666666666
prev_recent_AMT_ANNUITY,427.3404852317025,65.53333333333333
prev_approved_AMT_APPLICATION_MEAN,494.9242566104978,65.4
prev_sum_SELLERPLACE_AREA,424.5460575982928,64.4
bureau_active_sum_DAYS_CREDIT,473.75965154618024,63.73333333333333
prev_score_sum,576.9953181669116,63.4
AMT_DIFF_CREDIT_GOODS_to_prev_approved,419.37979971369106,63.0
bureau_active_avg_AMT_CREDIT_SUM_DEBT,642.2970334907372,62.4
prev_max_DAYS_FIRST_DUE,725.4536670913299,62.26666666666667
prev_approved_AMT_CREDIT_MEAN,399.2040306528409,62.133333333333326
inst_mean_DBD_SCALE,478.9539563291861,62.133333333333326
NAME_EDUCATION_TYPE,3130.8033513466517,61.86666666666666
bureau_max_DAYS_CREDIT,510.01400312359135,61.53333333333334
prev_sum_DAYS_DECISION,513.7176404197701,60.06666666666668
prev_avg_AMT_APPLICATION,409.25746139834325,59.333333333333336
prev_max_AMT_APPLICATION,411.12479027528315,58.86666666666666
bureau_avg_DAYS_CREDIT_ENDDATE,393.9081667860349,58.533333333333324
bureau_active_sum_AMT_DEBT_RATIO,614.9377958118914,58.266666666666666
AMT_CREDIT_GOODS_PERC_to_prev_approved,420.5644279614091,58.133333333333326
prev_avg_DAYS_LAST_DUE,546.4350474178791,57.93333333333334
prev_avg_DAYS_TERMINATION,518.4679064905891,57.86666666666666
NEW_CREDIT_TO_INCOME_RATIO,447.81855814357596,56.86666666666666
bureau_recent_DAYS_CREDIT_UPDATE,415.2048893451691,56.06666666666666
bureau_avg_DAYS_CREDIT_UPDATE,425.0945846475661,55.866666666666674
prev_max_DAYS_DECISION,432.98659954730726,55.66666666666667
inst_max_DBD,337.3556269344564,55.46666666666666
cc_mean4_AMT_PAY_INST_DIFF,518.725018163522,55.266666666666666
prev_avg_DAYS_LAST_DUE_1ST_VERSION,445.53097748061026,55.0
Total_ANNUITY_INCOME_RATIO,399.9662863987188,54.46666666666666
prev_approved_DAYS_DECISION_MEAN,550.6026714945251,54.4
NAME_INCOME_TYPE_mean_encode,534.2733938395977,54.4
inst_mean_AMT_PAYMENT,389.2308176813026,54.333333333333336
prev_avg_AMT_CREDIT_GOODS_PERC,431.2910983343919,54.33333333333333
APARTMENTS_MODE,440.0641608662283,53.666666666666664
prev_max_AMT_CREDIT,344.75374708871044,52.2
prev_avg_DAYS_DECISION,494.91128090076774,52.13333333333334
bureau_active_sum_DAYS_CREDIT_ENDDATE,352.22715094884234,52.0
FLAG_WORK_PHONE,434.56129133701324,51.73333333333333
inst_mean_AMT_PAYMENT_SCALE,371.44692324424784,51.4
bureau_sum_DAYS_END_DIFF,347.235394919524,51.333333333333336
bureau_avg_DAYS_CREDIT,358.7730246622115,51.2
prev_recent_AMT_PAY_YEAR,344.39908399519817,50.866666666666674
prev_avg_DAYS_FIRST_DUE,442.36027306119604,50.599999999999994
bureau_sum_AMT_DEBT_RATIO,496.35378428002196,50.333333333333336
pos_NAME_CONTRACT_STATUS_CNT_Active,449.62594841519984,50.26666666666667
prev_avg_AMT_DOWN_PAYMENT,362.44788508825,50.266666666666666
bureau_sum_DAYS_CREDIT_ENDDATE,339.8585993746916,50.13333333333334
pos_MONTH_CNT,470.7013326570392,50.06666666666666
bureau_max_DAYS_CREDIT_ENDDATE,435.7981766513238,49.800000000000004
prev_PRODUCT_COMBINATION_mode_mean_encode,356.0906741976738,49.666666666666664
prev_approved_AMT_CREDIT_SUM,384.4743626708786,49.199999999999996
prev_avg_AMT_ANNUITY,325.02201473911606,49.0
prev_approved_AMT_APPLICATION_MAX,368.0563240006629,48.93333333333334
inst_sum_AMT_PAYMENT_DIFF_SCALE,419.3906135559082,48.66666666666667
TOTALAREA_MODE,396.0633546024561,48.46666666666667
bureau_sum_DAYS_CREDIT,349.74633255228406,48.0
prev_recent_NAME_TYPE_SUITE_mean_encode,251.2974331711419,47.8
prev_refused_DAYS_DECISION_MAX,358.8811197479566,47.4
inst_mean_DPD,415.3203697303931,47.2
bureau_active_sum_AMT_CREDIT_SUM_DEBT,395.06412109546363,47.13333333333334
prev_approved_AMT_PAY_YEAR_MEAN,341.625937268883,47.13333333333333
prev_sum_AMT_APPLICATION,341.6792895153165,46.46666666666666
prev_avg_AMT_PAY_YEAR,355.5014280110598,46.2
DEF_30_CNT_SOCIAL_CIRCLE,806.1489736715953,46.13333333333333
prev_avg_DAYS_END_DIFF,342.5896380901337,46.06666666666667
prev_approved_DAYS_DECISION_MAX,420.24733183011415,46.06666666666666
prev_max_AMT_DIFF_CREAPP,329.3469493413965,45.66666666666667
inst_length,395.7212983880192,45.66666666666667
bureau_sum_DAYS_CREDIT_UPDATE,307.25651845981673,45.46666666666667
LANDAREA_MEDI,311.6497580289841,45.2
prev_active_sum_AMT_PAID,390.4077546358109,45.2
prev_approved_AMT_ANNUITY_MEAN,302.7651239799957,45.2
AMT_PAY_YEAR_to_prev_refused,301.95562127729255,45.199999999999996
NAME_FAMILY_STATUS_mean_encode,428.06909096241,45.13333333333333
prev_max_AMT_ANNUITY,310.63025043209393,45.133333333333326
bureau_recent_DAYS_CREDIT,388.15326365431144,44.8
NEW_INC_PER_CHLD,302.61197373618677,44.33333333333333
prev_approved_RATE_DOWN_PAYMENT_MAX,326.12277544376747,44.00000000000001
bureau_recent_DAYS_ENDDATE_FACT,506.0770075956981,43.73333333333333
prev_approved_AMT_ANNUITY_MAX,327.24176603344586,43.666666666666664
LIVINGAREA_MEDI,355.4154678506156,43.599999999999994
bureau_sum_DAYS_ENDDATE_FACT,294.15871451099713,43.46666666666667
prev_min_DAYS_DECISION,325.88164479850474,43.46666666666666
prev_max_AMT_PAY_YEAR,358.49918298224605,43.266666666666666
prev_approved_AMT_DOWN_PAYMENT_MEAN,314.12140833294643,43.266666666666666
prev_max_DAYS_TOTAL,297.46529171069466,43.13333333333334
prev_approved_APP_CREDIT_PERC_MAX,311.90261872460445,43.13333333333333
prev_recent_NAME_CASH_LOAN_PURPOSE_mean_encode,280.0902682080865,42.46666666666667
NEW_DOC_IND_KURT,1268.8436869621278,42.266666666666666
prev_avg_DAYS_TOTAL2,459.7313281719883,41.93333333333333
prev_approved_AMT_DOWN_PAYMENT_MAX,335.7314916446805,41.8
prev_recent_DAYS_DECISION,367.0826577603817,41.733333333333334
prev_approved_AMT_CREDIT_GOODS_PERC_MAX,282.44195292343693,41.53333333333334
prev_sum_DAYS_TERMINATION,327.0285005096346,41.53333333333334
BASEMENTAREA_MEDI,295.00275238106644,41.53333333333333
prev_sum_AMT_CREDIT,272.3733889311552,41.266666666666666
prev_sum_AMT_DIFF_CREDIT_GOODS,330.0890097975731,40.0
bureau_AMT_MAX_OVERDUE_TOTAL_RATIO,341.4597241441409,39.8
CODE_GENDER,1995.631647343685,39.733333333333334
bureau_sum_AMT_MAX_OVERDUE_RATIO,283.641011484464,39.666666666666664
prev_approved_AMT_CREDIT_GOODS_PERC_MEAN,271.9869592443109,39.53333333333334
prev_recent_PRODUCT_COMBINATION_mean_encode,270.1199950079123,39.533333333333324
prev_approved_AMT_DIFF_CREDIT_GOODS_MAX,321.033957022801,39.33333333333333
prev_recent_SELLERPLACE_AREA,252.06762910683952,39.06666666666666
prev_NAME_GOODS_CATEGORY_mode_mean_encode,223.25004216035208,38.733333333333334
pos_recent_CNT_INSTALMENT_FUTURE,536.7121182600657,38.733333333333334
pos_MONTH_MAX,277.288024203976,38.733333333333334
prev_approved_AMT_DIFF_CREDIT_GOODS_MEAN,267.5304680059974,38.666666666666664
bureau_sum_AMT_CREDIT_SUM_DEBT,315.1222824220856,38.6
inst_DAYS_LAST_UNDERPAID,288.21142582098645,38.46666666666666
prev_max_AMT_DIFF_CREDIT_GOODS,372.63933191833394,38.06666666666666
prev_approved_DAYS_DECISION_MIN,288.38620806237066,38.0
gender_family_status_mean_income_rel,254.18796332056326,38.0
prev_approved_RATE_DOWN_PAYMENT_MEAN,249.49309481916325,37.93333333333334
pos_recent_MONTHS_BALANCE,707.5226313879093,37.8
prev_approved_CNT_PAYMENT_MEAN,342.3381066977978,37.66666666666667
prev_sum_AMT_ANNUITY,317.9885944783688,37.6
inst_var_DPD,326.3135091783479,37.4
prev_approved_AMT_DIFF_CREAPP_MAX,286.0618290985624,37.13333333333334
prev_approved_AMT_PAY_YEAR_MAX,283.66583988790705,37.06666666666667
prev_approved_APP_CREDIT_PERC_MEAN,257.55587527255216,37.06666666666666
prev_refused_DAYS_DECISION_MEAN,266.55282311042146,36.66666666666667
bureau_sum_AMT_CREDIT_MAX_OVERDUE,304.51994036833446,36.46666666666667
prev_max_AMT_DOWN_PAYMENT,258.4876994200051,36.26666666666667
prev_recent_DAYS_FIRST_DUE,243.30376371120414,36.2
NEW_INC_BY_ORG,306.2879152655602,35.6
prev_sum_AMT_DIFF_CREAPP,294.7669514169296,35.2
REGION_RATING_CLIENT_W_CITY,351.6410481770833,34.6
prev_max_AMT_CREDIT_GOODS_PERC,246.58323746919632,34.53333333333333
bureau_active_sum_AMT_CREDIT_MAX_OVERDUE,322.99151958227156,34.53333333333333
prev_NAME_TYPE_SUITE_mode_mean_encode,228.07060279076296,34.2
prev_recent_CHANNEL_TYPE_mean_encode,230.94302124281722,34.06666666666666
prev_NAME_SELLER_INDUSTRY_mode_mean_encode,240.4419112586727,33.86666666666667
prev_avg_AMT_DIFF_CREAPP,274.15989859849213,33.73333333333333
prev_recent_APP_CREDIT_PERC,218.24414231379828,33.4
prev_avg_AMT_DIFF_CREDIT_GOODS,275.3440949235112,33.333333333333336
prev_recent_AMT_CREDIT,212.02388418147652,33.2
CNT_ADULT,237.39260961214706,33.06666666666666
WALLSMATERIAL_MODE_mean_encode,263.3455893792212,32.6
own_realty_mean_income_rel,235.2193384001652,32.199999999999996
inst_max_DPD,268.1451045354207,32.13333333333334
Total_AMT_LEFT,186.94377629359565,31.93333333333333
prev_active_sum_AMT_ANNUITY,268.2096871872743,31.8
NONLIVINGAREA_MEDI,209.37331524093943,31.666666666666675
prev_refused_DAYS_DECISION_MIN,214.0682729318738,31.46666666666666
prev_sum_AMT_PAY_YEAR,217.3185009752711,31.4
prev_max_DAYS_END_DIFF,244.39107697109384,31.333333333333332
FLAG_DOCUMENT_3,585.7907485405605,30.6
own_car_mean_income_rel,224.11670411651335,30.53333333333333
gender_mean_income_rel,203.46318960090477,30.333333333333336
prev_recent_AMT_CREDIT_GOODS_PERC,195.8971038672763,30.266666666666662
prev_recent_AMT_DIFF_CREDIT_GOODS,204.24957704196373,30.2
bureau_min_MONTH_LAST_C,263.6078481813272,30.066666666666663
COMMONAREA_MEDI,204.07386144797007,30.066666666666663
pos_MONTH_LAST_DPD,205.33479282855987,29.8
family_status_mean_income_rel,206.23771003534398,29.8
OBS_60_CNT_SOCIAL_CIRCLE,195.08839362760386,29.53333333333333
prev_active_sum_AMT_CREDIT_GOODS_PERC,189.52527205546698,29.46666666666667
DEF_60_CNT_SOCIAL_CIRCLE,420.3086336533229,29.46666666666666
YEARS_BUILD_MODE,223.35926690896355,29.333333333333336
prev_recent_DAYS_LAST_DUE,177.04534348249436,28.933333333333337
prev_recent_DAYS_LAST_DUE_1ST_VERSION,205.703590486447,28.866666666666667
prev_NAME_CLIENT_TYPE_mode_mean_encode,197.21872626940407,28.8
prev_sum_AMT_DOWN_PAYMENT,218.92117656071977,28.4
bureau_recent_CREDIT_TYPE_mean_encode,185.69307627081872,28.066666666666663
bureau_sum_CREDIT_ACTIVE_Closed,231.7775934418042,27.866666666666667
AMT_ANNUITY_to_prev_refused,208.58456653157873,27.866666666666667
prev_sum_RATE_DOWN_PAYMENT,210.1677954876562,27.866666666666664
prev_approved_CNT_PAYMENT_SUM,217.93254104852676,27.73333333333333
prev_approved_AMT_DIFF_CREAPP_MEAN,179.96909362077713,27.73333333333333
prev_recent_AMT_APPLICATION,182.39000017748523,27.6
cnt_children_mean_income_rel,188.64329614043237,27.333333333333332
prev_active_sum_AMT_LEFT3,185.35638737281164,27.06666666666667
REG_CITY_NOT_LIVE_CITY,273.7149531364441,26.73333333333333
pos_recent_CNT_INSTALMENT,219.87481603200234,26.133333333333336
cc_mean4_CNT_DRAWINGS_CURRENT,203.9705913066864,26.06666666666667
bureau_active_avg_AMT_CREDIT_LEFT_OVER_ANNUITY,269.4045402487119,26.06666666666667
NAME_TYPE_SUITE_mean_encode,173.38491657525302,25.866666666666664
prev_NAME_PRODUCT_TYPE_mode_mean_encode,188.73058563868204,25.73333333333333
prev_avg_DAYS_FIRST_DRAWING,165.77637928550442,25.73333333333333
cc_mean4_AMT_DRAWINGS_ATM_CURRENT,318.59203587770463,25.6
ENTRANCES_MODE,155.86985560854276,25.53333333333334
bureau_count,201.49191011190413,25.53333333333333
bureau_sum_STATUS_TCNT_DPD_MEAN,223.9860527038574,25.466666666666665
AMT_DIFF_CREDIT_GOODS_to_prev_refused,181.8199113984903,25.4
AMT_CREDIT_GOODS_PERC_to_prev_refused,173.97554049491882,25.4
bureau_sum_CREDIT_CURRENCY_currency 1,199.6484725162387,25.000000000000004
prev_refused_AMT_ANNUITY_MAX,179.86735656261445,25.0
LIVINGAPARTMENTS_MODE,194.36264911033214,24.733333333333338
inst_mean_AMT_PAYMENT_DIFF_SCALE,200.63021236260732,24.53333333333334
prev_DEFALUTED_RATIO,440.24069633483884,24.46666666666667
AMT_CREDIT_to_prev_refused,154.20212350686393,24.46666666666667
prev_refused_CNT_PAYMENT_MEAN,216.95730084180832,24.46666666666667
bureau_active_avg_AMT_CREDIT_MAX_OVERDUE,190.7594558785359,24.46666666666667
bureau_recent_AMT_CREDIT_MAX_OVERDUE,221.3783278465271,24.466666666666665
prev_recent_NAME_GOODS_CATEGORY_mean_encode,159.85411917467914,24.46666666666666
cc_max_AMT_BALANCE_CREDIT_RATIO,317.6168962607781,24.2
prev_refused_CNT_PAYMENT_SUM,198.25814912319183,24.06666666666667
bureau_sum_STATUS_12CNT_C,146.1026840036114,23.666666666666664
inst_mean_AMT_PAYMENT_DIFF,205.6660835703214,23.6
NAME_HOUSING_TYPE_mean_encode,135.41452179923652,23.2
prev_sum_DAYS_END_DIFF,164.35586470762888,23.06666666666667
prev_refused_AMT_PAY_YEAR_MEAN,165.38419538736343,23.06666666666667
pos_recent_NAME_CONTRACT_STATUS_mean_encode,144.61387661198776,23.066666666666666
prev_refused_AMT_CREDIT_SUM,153.30673901438712,22.8
prev_NAME_CASH_LOAN_PURPOSE_mode_mean_encode,140.59651275599998,22.8
prev_refused_AMT_CREDIT_MEAN,145.07896276315054,22.53333333333334
Total_AMT_LEFT_INCOME_RATIO,154.15183129310608,22.46666666666666
prev_sum_CNT_PAYMENT_DIFF,179.00065194368364,22.4
bureau_sum_STATUS_TCNT_X,181.5322182337443,22.333333333333336
inst_var_AMT_PAYMENT_PERC,180.75452778736752,22.333333333333332
prev_recent_NAME_YIELD_GROUP_mean_encode,132.96049081186453,22.266666666666662
prev_active_sum_AMT_DIFF_CREAPP,204.46590515772502,22.2
prev_active_sum_AMT_DIFF_CREDIT_GOODS,221.26278789838156,22.2
AMT_REQ_CREDIT_BUREAU_MON_CHANGE,195.49982954661053,22.133333333333333
AMT_REQ_CREDIT_BUREAU_QRT_CHANGE,148.77346163988113,22.06666666666667
prev_sum_CNT_PAYMENT,164.64581485191985,22.000000000000004
prev_active_sum_AMT_PAY_YEAR,173.1880315919717,21.8
prev_NAME_PAYMENT_TYPE_mode_mean_encode,134.0091786618034,21.73333333333333
prev_refused_AMT_PAY_YEAR_MAX,157.0859642545382,21.666666666666668
DOCUMENT_CNT,269.7934643268585,21.46666666666667
cc_score,146.4962451418241,21.4
prev_recent_NAME_SELLER_INDUSTRY_mean_encode,132.673324645559,21.266666666666666
prev_refused_AMT_APPLICATION_MEAN,140.15353893240294,20.8
bureau_max_MONTH_LAST_C,188.49229044119517,20.733333333333334
prev_refused_AMT_ANNUITY_MEAN,137.14489133371973,20.533333333333335
prev_CHANNEL_TYPE_mode_mean_encode,127.17292632261913,20.4
inst_var_AMT_PAYMENT_DIFF,137.0030207713445,20.133333333333333
prev_active_sum_AMT_LEFT2,140.66162513097126,20.06666666666667
bureau_CREDIT_ACTIVE_mode_mean_encode,151.4852693458398,20.066666666666666
Total_active_acc,142.0538035313288,20.0
bureau_active_avg_AMT_ANNUITY,191.54737769762679,19.999999999999996
prev_NAME_YIELD_GROUP_mode_mean_encode,127.03118246148031,19.866666666666667
prev_refused_AMT_APPLICATION_MAX,141.13793647289276,19.666666666666668
bureau_recent_AMT_ANNUITY,130.1037094275157,19.6
bureau_active_avg_AMT_CREDIT_SUM_LIMIT,121.77772532800832,19.26666666666667
bureau_active_avg_AMT_MAX_OVERDUE_RATIO,120.36674872040749,19.0
prev_recent_DAYS_TERMINATION,138.3599518696467,18.93333333333333
prev_NAME_CONTRACT_TYPE_mode_mean_encode,131.41480456590654,18.73333333333333
prev_closest_annuity_defaulted,304.04807765483855,18.666666666666668
AMT_REQ_CREDIT_BUREAU_YEAR,121.04265541632972,18.6
cc_mean4_CNT_DRAWINGS_ATM_CURRENT,342.1185105800629,18.46666666666667
prev_refused_APP_CREDIT_PERC_MEAN,126.97902767906587,18.466666666666665
bureau_sum_MONTH_LAST_C,149.41336660583812,18.4
prev_max_DAYS_FIRST_DRAWING,126.29597131411235,18.4
pos_sum_SK_DPD_SCALE,115.84255319833755,18.333333333333332
AMT_INCOME_OVER_CHILD,120.7298868139585,18.266666666666666
prev_refused_AMT_DIFF_CREAPP_MAX,135.98697645763554,18.133333333333333
bureau_active_sum_AMT_CREDIT_LEFT_OVER_ANNUITY,170.4296526670456,18.06666666666667
prev_recent_AMT_DIFF_CREAPP,124.11516826152801,17.93333333333333
pos_mean_SK_DPD_SCALE,140.39717404494684,17.733333333333334
inst_max_AMT_PAYMENT_DIFF,141.36728910605112,17.73333333333333
bureau_sum_MONTH_LAST_DPD,98.37703097661336,17.4
pos_mean_SK_DPD,116.61878455877304,17.333333333333332
bureau_active_avg_AMT_LIMIT_RATIO,120.73148903052012,17.2
prev_sum_CHANNEL_TYPE_Credit and cash offices,89.09226459860801,17.2
bureau_active_count,148.58420551617942,17.000000000000004
prev_recent_CNT_PAYMENT,116.68907610277333,17.0
inst_mean_AMT_PAYMENT_PERC,173.53197139898936,17.0
prev_refused_AMT_CREDIT_GOODS_PERC_MEAN,118.50696293214955,17.0
prev_max_DAYS_TOTAL2,212.38557034532232,16.866666666666667
bureau_sum_STATUS_TCNT_C,138.3426406701406,16.733333333333334
bureau_recent_DAYS_END_DIFF,130.0957786719004,16.733333333333334
bureau_active_sum_AMT_ANNUITY,127.96508347988132,16.666666666666664
AMT_INCOME_TOTAL,124.76305684248607,16.46666666666666
bureau_CREDIT_TYPE_mode_mean_encode,96.1433984943976,16.26666666666667
prev_refused_AMT_CREDIT_GOODS_PERC_MAX,108.01345091809829,15.933333333333334
bureau_active_AMT_LIMIT_TOTAL_RATIO,127.42217499067385,15.866666666666665
cc_mean4_AMT_DRAWING_BALANCE_RATIO,97.39995872875053,15.733333333333334
cc_mean4_AMT_PAY_USE_RATIO,115.63368519544602,15.666666666666668
bureau_recent_AMT_MAX_OVERDUE_RATIO,122.32351336280503,15.533333333333335
prev_active_sum_AMT_APPLICATION,112.86224957704545,15.333333333333334
cc_max_CNT_DRAWINGS_CURRENT,134.11614086031915,15.333333333333332
bureau_recent_CREDIT_ACTIVE_mean_encode,87.86720948219299,15.333333333333332
bureau_sum_AMT_ANNUITY,120.82847152948379,15.266666666666666
bureau_active_AMT_MAX_OVERDUE_TOTAL_RATIO,113.52724027285971,15.2
cc_mean4_AMT_BALANCE_CREDIT_RATIO,179.03556689421336,15.199999999999998
cc_mean_AMT_PAY_USE_RATIO,96.0614074446261,15.133333333333331
cc_mean_AMT_CREDIT_LIMIT_ACTUAL,90.03475519816081,14.8
prev_refused_APP_CREDIT_PERC_MAX,103.7449211915334,14.8
cc_mean4_AMT_DRAWING_ATM_RATIO,229.48693265120187,14.8
NONLIVINGAPARTMENTS_MODE,81.58487698634465,14.8
prev_recent_AMT_DOWN_PAYMENT,93.17196812729041,14.73333333333333
bureau_AMT_LIMIT_TOTAL_RATIO,107.80273861885071,14.6
prev_CODE_REJECT_REASON_mode_mean_encode,89.59749655524891,14.6
prev_sum_NAME_TYPE_SUITE_Unaccompanied,77.49330504806713,14.533333333333331
AMT_REQ_CREDIT_BUREAU_QRT,131.107510582606,14.466666666666669
prev_recent_RATE_DOWN_PAYMENT,84.22405079826713,14.4
inst_AMT_PAYMENT_TOTAL_RATIO,131.3648081302643,14.4
inst_N_NUM_INSTALMENT_VERSION,90.99977553288142,14.4
cc_max_AMT_DRAWING_BALANCE_RATIO,103.77825414178271,14.333333333333334
Total_acc,114.15025829871495,14.333333333333334
prev_refused_AMT_DIFF_CREAPP_MEAN,101.49430914322537,14.2
bureau_sum_STATUS_12CNT_X,120.8240417321523,14.066666666666666
prev_recent_CODE_REJECT_REASON_mean_encode,99.64711833198865,14.066666666666666
cc_var_AMT_BALANCE_CREDIT_RATIO,115.82906789705157,13.8
prev_refused_AMT_DIFF_CREDIT_GOODS_MEAN,88.77820730557045,13.733333333333334
cc_scale_sum_CNT_DRAWINGS_ATM_CURRENT,265.26257657706736,13.666666666666668
cc_var_CNT_DRAWINGS_CURRENT,117.94839672247568,13.6
cc_scale_sum_AMT_CREDIT_LIMIT_ACTUAL,85.3678114493688,13.533333333333335
cc_mean4_AMT_RECEIVABLE_PRINCIPAL_DIFF,233.37939902941383,13.466666666666669
prev_active_sum_AMT_CREDIT,93.65584004620709,13.333333333333334
cc_scale_mean_scale_sum_AMT_CREDIT_LIMIT_ACTUAL,84.75072820981342,13.266666666666666
prev_refused_AMT_DIFF_CREDIT_GOODS_MAX,93.80006613532703,13.133333333333335
cc_var_AMT_CREDIT_LIMIT_ACTUAL,73.91139409939449,13.066666666666668
cc_max_AMT_RECEIVABLE_PRINCIPAL_DIFF,145.7862927595774,13.066666666666666
cc_mean12_CNT_DRAWINGS_ATM_CURRENT,249.1504659553369,13.000000000000004
prev_closest_credit_defaulted,115.01278309424717,13.0
prev_recent_DAYS_TOTAL2,87.35504805246988,13.0
bureau_recent_AMT_LIMIT_RATIO,81.85969086885453,13.0
prev_NAME_CONTRACT_STATUS_mode_mean_encode,88.35463417172431,12.999999999999996
prev_recent_DAYS_TOTAL,81.0087300459544,12.866666666666669
cc_var_AMT_PAY_USE_RATIO,76.5200867096583,12.733333333333334
cc_var_AMT_BALANCE_RECIVABLE_RATIO,81.99107522964478,12.733333333333334
cc_mean4_AMT_DRAWINGS_CURRENT,114.37681315243245,12.533333333333331
cc_var_AMT_BALANCE,139.8807169318199,12.533333333333331
prev_recent_CNT_PAYMENT_DIFF,78.4053028821945,12.466666666666665
cc_scale_sum_AMT_PAY_USE_RATIO,74.54716350498299,12.466666666666665
cc_mean12_AMT_DRAWING_BALANCE_RATIO,94.90355231116216,12.466666666666665
bureau_sum_STATUS_TCNT_DPD_SUM,110.53200987974803,12.333333333333332
cc_var_AMT_TOTAL_RECEIVABLE,122.12989722887673,12.26666666666667
pos_mean_SK_DPD_DEF_SCALE,117.35240631103515,12.2
cc_scale_sum_CNT_ACCOUNT_W_MONTH,84.99577968815962,12.133333333333335
cc_var_AMT_RECEIVABLE_PRINCIPAL_DIFF,146.2533271551132,12.133333333333333
cc_NAME_CONTRACT_STATUS_mean_encode,76.51752676963807,12.133333333333333
cc_max_CNT_DRAWINGS_POS_CURRENT,78.85157601833343,12.000000000000002
prev_recent_NAME_PORTFOLIO_mean_encode,83.42971427490313,12.0
bureau_active_sum_AMT_LIMIT_RATIO,86.85121895074845,11.933333333333332
cc_scale_mean_scale_sum_CNT_DRAWINGS_ATM_CURRENT,251.61286880373956,11.933333333333332
bureau_sum_AMT_LIMIT_RATIO,89.99360796610516,11.666666666666668
prev_active_sum_AMT_OWE,82.4401130259037,11.6
prev_NAME_PORTFOLIO_mode_mean_encode,74.64051554302374,11.399999999999997
prev_sum_NAME_PAYMENT_TYPE_XNA,71.68349331989886,11.2
prev_sum_NAME_YIELD_GROUP_low_normal,61.026663382848106,11.2
CNT_FAM_MEMBERS,89.31541078885395,11.133333333333333
FLOORSMIN_MODE,71.45630775888762,11.066666666666666
cc_mean_AMT_DRAWING_ATM_RATIO,66.294081813097,11.000000000000002
cc_var_AMT_CREDIT_USE_RATIO,74.99384433031081,10.933333333333334
prev_sum_CHANNEL_TYPE_Country-wide,67.02611104846002,10.933333333333334
cc_scale_sum_AMT_DRAWINGS_ATM_CURRENT,125.83116345405578,10.8
FONDKAPREMONT_MODE,60.00592946211498,10.8
pos_mean_SK_DPD_DEF,74.31945535341899,10.733333333333333
cc_max_AMT_DRAWINGS_ATM_CURRENT,78.54383854071298,10.733333333333333
cc_mean4_AMT_BALANCE,141.71910595297814,10.733333333333333
cc_mean12_AMT_DRAWINGS_ATM_CURRENT,128.1027705470721,10.533333333333335
FLAG_DOCUMENT_8,70.76936474641164,10.466666666666667
prev_sum_NAME_YIELD_GROUP_middle,62.41714323759079,10.466666666666665
prev_sum_NAME_PRODUCT_TYPE_x-sell,80.57213156223297,10.333333333333332
bureau_min_MONTH_LAST_DPD,91.94415912628173,10.266666666666667
prev_sum_NAME_PRODUCT_TYPE_XNA,66.83875843087833,10.2
cc_mean12_CNT_DRAWINGS_CURRENT,97.07120630343755,10.2
pos_sum_SK_DPD_DEF_SCALE,76.95707466962438,10.133333333333335
bureau_active_sum_AMT_CREDIT_SUM_LIMIT,73.41395803292592,10.133333333333335
FLOORSMAX_MODE,81.75786759853364,10.133333333333333
bureau_sum_AMT_CREDIT_SUM_LIMIT,67.09966551065445,10.066666666666666
prev_sum_CHANNEL_TYPE_Regional / Local,52.67944045066834,10.0
cc_var_AMT_DRAWING_ATM_RATIO,62.36799178123474,10.0
cc_max_AMT_BALANCE_RECIVABLE_RATIO,67.22406662752232,9.933333333333334
cc_scale_sum_AMT_DRAWINGS_CURRENT,86.07031779289245,9.866666666666669
prev_sum_NAME_CONTRACT_TYPE_Cash loans,65.06606470743814,9.866666666666667
cc_scale_mean_scale_sum_CNT_DRAWINGS_CURRENT,92.90686373313267,9.866666666666665
cc_var_AMT_DRAWINGS_ATM_CURRENT,91.7154515226682,9.8
cc_scale_mean_scale_sum_AMT_DRAWINGS_ATM_CURRENT,112.15397417545319,9.733333333333334
cc_Active,69.01959975163142,9.666666666666666
cc_mean_AMT_CREDIT_USE_RATIO,60.699869783719386,9.533333333333333
bureau_active_sum_AMT_MAX_OVERDUE_RATIO,72.53925242424012,9.533333333333333
cc_mean4_AMT_TOTAL_RECEIVABLE,125.59158314069111,9.399999999999999
cc_scale_mean_scale_sum_AMT_PAY_INST_DIFF,65.96885950565338,9.333333333333332
cc_mean36_AMT_BALANCE_RECIVABLE_RATIO,54.43734567115704,9.266666666666667
cc_mean12_AMT_CREDIT_LIMIT_ACTUAL,66.2348896543185,9.133333333333333
cc_var_AMT_DRAWING_BALANCE_RATIO,67.78101331343254,9.133333333333331
cc_var_CNT_DRAWINGS_ATM_CURRENT,89.4708900054296,9.066666666666666
cc_mean36_AMT_CREDIT_LIMIT_ACTUAL,63.90164247353871,9.066666666666666
cc_mean4_AMT_PAYMENT_TOTAL_CURRENT,62.78203857739767,8.866666666666667
prev_recent_DAYS_END_DIFF,56.26055329839388,8.733333333333333
cc_max_AMT_CREDIT_USE_RATIO,58.51503471533458,8.6
LIVE_CITY_NOT_WORK_CITY,42.86280121008556,8.466666666666665
cc_mean12_AMT_DRAWINGS_CURRENT,82.68660216331482,8.4
prev_sum_NAME_PAYMENT_TYPE_Cash through the bank,57.22556039094925,8.333333333333334
cc_scale_sum_AMT_CREDIT_USE_RATIO,56.10863931179047,8.333333333333332
cc_mean_AMT_BALANCE_RECIVABLE_RATIO,57.88591610590616,8.266666666666667
cc_var_CNT_DRAWINGS_POS_CURRENT,66.5007444302241,8.266666666666666
cc_mean12_AMT_PAY_INST_DIFF,59.34421420097351,8.2
cc_max_AMT_DRAWINGS_CURRENT,58.43739654123783,8.2
prev_sum_NAME_CLIENT_TYPE_Repeater,53.70941739082336,8.2
cc_var_AMT_DRAWINGS_POS_RATIO,54.47315977745069,8.2
cc_var_AMT_PAY_INST_DIFF,54.455439297358204,8.133333333333335
cc_var_AMT_INST_MIN_REGULARITY,80.9289398431778,8.133333333333333
pos_count,85.60688619315624,8.0
prev_sum_NAME_YIELD_GROUP_high,54.094855489333476,8.0
pos_max_SK_DPD,54.01837462584179,7.9333333333333345
prev_sum_CHANNEL_TYPE_Stone,52.226030842463175,7.933333333333333
NEW_LIVE_IND_SUM,56.332537742455806,7.866666666666667
prev_refused_RATE_DOWN_PAYMENT_MEAN,60.25716634194056,7.866666666666665
prev_sum_NAME_PORTFOLIO_POS,51.07458469072977,7.8
cc_max_AMT_PAY_INST_DIFF,54.82423917849859,7.733333333333334
prev_refused_AMT_DOWN_PAYMENT_MAX,47.629707256952926,7.666666666666667
cc_max_AMT_TOTAL_RECEIVABLE,71.47819759051006,7.666666666666666
ELEVATORS_MODE,58.37380078633627,7.6
cc_scale_sum_AMT_BALANCE_RECIVABLE_RATIO,52.88896672626337,7.6
cc_mean36_AMT_PAY_INST_DIFF,54.32438600858053,7.533333333333334
pos_NAME_CONTRACT_STATUS_CNT_Completed,61.869880604743955,7.533333333333334
prev_count,52.82955003182093,7.533333333333333
bureau_max_MONTH_LAST_DPD,69.39184069633484,7.533333333333333
prev_sum_DEFAULTED,83.93106237252555,7.4
prev_sum_NAME_CONTRACT_TYPE_Revolving loans,32.82238828452925,7.333333333333333
cc_mean_AMT_PAYMENT_TOTAL_CURRENT,49.71740122909347,7.2
cc_max_AMT_BALANCE,82.54870859781902,7.2
cc_scale_sum_AMT_DRAWINGS_POS_RATIO,55.0484912554423,7.2
bureau_recent_AMT_CREDIT_SUM_LIMIT,45.446225142478944,7.133333333333335
cc_mean36_AMT_CREDIT_USE_RATIO,47.56203819910685,7.133333333333333
cc_max_AMT_PAYMENT_TOTAL_CURRENT,50.807531507809955,7.133333333333333
cc_min_AMT_RECEIVABLE_PRINCIPAL_DIFF,43.27419013977051,7.133333333333333
prev_sum_NAME_CONTRACT_TYPE_Consumer loans,54.196883038307234,7.066666666666667
prev_sum_NAME_TYPE_SUITE_Family,46.31103156805039,7.0
prev_sum_CODE_REJECT_REASON_XAP,56.936332960923515,7.0
cc_scale_sum_AMT_BALANCE_CREDIT_RATIO,60.21842188835144,6.933333333333333
FLAG_PHONE,36.985814674695334,6.933333333333333
cc_var_AMT_PAYMENT_CURRENT,46.39953792095184,6.866666666666665
cc_scale_sum_CNT_DRAWINGS_CURRENT,68.61704972982406,6.866666666666665
cc_CNT_INSTALMENT_MATURE_CUM,46.061242842674254,6.733333333333334
cc_scale_mean_scale_sum_AMT_BALANCE_RECIVABLE_RATIO,43.89115572373072,6.733333333333334
cc_mean_AMT_PAY_INST_DIFF,47.6003197868665,6.733333333333334
cc_scale_mean_scale_sum_AMT_DRAWING_ATM_RATIO,69.37540053129196,6.666666666666667
bureau_sum_STATUS_12CNT_DPD_MEAN,70.03333535194398,6.6
cc_mean_CNT_DRAWINGS_ATM_CURRENT,59.393155455589294,6.6
cc_mean12_AMT_BALANCE_CREDIT_RATIO,85.45066775480906,6.6
cc_mean12_AMT_DRAWING_ATM_RATIO,76.05335843761762,6.6
prev_sum_NAME_YIELD_GROUP_XNA,45.148747134208676,6.533333333333334
prev_sum_NFLAG_INSURED_ON_APPROVAL,40.11253268321355,6.533333333333333
cc_var_AMT_PAYMENT_TOTAL_CURRENT,45.534297724564865,6.466666666666667
cc_mean_AMT_RECEIVABLE_PRINCIPAL_DIFF,45.082783937454224,6.333333333333333
cc_mean12_AMT_PAY_USE_RATIO,42.96848314205805,6.333333333333333
prev_sum_NAME_CONTRACT_STATUS_Canceled,35.40669672091802,6.333333333333333
prev_sum_NAME_CLIENT_TYPE_Refreshed,44.55233041445414,6.2666666666666675
prev_refused_AMT_DOWN_PAYMENT_MEAN,41.68147564108173,6.2666666666666675
cc_scale_sum_AMT_PAY_INST_DIFF,43.45811539491018,6.2666666666666675
cc_mean36_AMT_DRAWING_BALANCE_RATIO,45.463797378540036,6.2666666666666675
cc_mean36_CNT_DRAWINGS_ATM_CURRENT,79.0224011739095,6.2666666666666675
cc_mean4_AMT_PAYMENT_CURRENT,42.38358501990636,6.2
cc_mean_AMT_BALANCE_CREDIT_RATIO,47.88000867366791,6.2
prev_sum_NAME_PRODUCT_TYPE_walk-in,39.52619876861572,6.066666666666667
cc_scale_sum_AMT_DRAWING_BALANCE_RATIO,38.874865378936136,6.066666666666666
cc_scale_mean_scale_sum_AMT_DRAWINGS_CURRENT,61.60880994796753,6.0666666666666655
cc_mean4_AMT_CREDIT_USE_RATIO,50.83391044934591,6.000000000000001
cc_mean36_AMT_PAY_USE_RATIO,39.9063602566719,5.999999999999999
cc_scale_mean_scale_sum_AMT_PAY_USE_RATIO,40.07245670159658,5.999999999999999
cc_mean4_AMT_CREDIT_LIMIT_ACTUAL,51.66864610513052,5.9333333333333345
prev_sum_CODE_REJECT_REASON_HC,41.29767118295034,5.9333333333333345
cc_max_CNT_DRAWINGS_ATM_CURRENT,58.878933580716456,5.866666666666667
inst_count,45.9990715265274,5.866666666666666
FLAG_OWN_CAR,139.89077423413593,5.866666666666665
cc_scale_mean_scale_sum_AMT_DRAWING_BALANCE_RATIO,38.73552875816822,5.866666666666665
cc_scale_mean_scale_sum_AMT_RECEIVABLE_PRINCIPAL_DIFF,59.427193252245594,5.8
cc_max_AMT_PAYMENT_CURRENT,43.10023665030797,5.733333333333334
cc_mean_AMT_PAYMENT_CURRENT,34.65040864348411,5.666666666666667
cc_mean36_AMT_DRAWING_ATM_RATIO,42.54139235417049,5.666666666666667
cc_scale_mean_scale_sum_AMT_BALANCE_CREDIT_RATIO,54.17628276646137,5.6
prev_refused_RATE_DOWN_PAYMENT_MAX,41.40302806695303,5.533333333333333
prev_sum_NAME_PORTFOLIO_XNA,35.67909090518951,5.466666666666667
cc_mean36_AMT_DRAWINGS_ATM_CURRENT,60.44254989425341,5.466666666666666
cc_scale_sum_AMT_DRAWING_ATM_RATIO,48.71947923501333,5.4
cc_mean4_AMT_BALANCE_RECIVABLE_RATIO,37.25870192249616,5.4
bureau_recent_CREDIT_CURRENCY_mean_encode,34.757128159205116,5.4
pos_NAME_CONTRACT_STATUS_CNT_Signed,33.01759462356567,5.3999999999999995
prev_sum_NAME_PORTFOLIO_Cash,35.443477996190396,5.333333333333333
cc_mean_AMT_DRAWING_BALANCE_RATIO,37.833486859003706,5.266666666666667
prev_recent_DEFAULTED,63.35304462114969,5.200000000000001
pos_max_SK_DPD_DEF,31.67131499449412,5.2
cc_scale_sum_AMT_RECEIVABLE_PRINCIPAL_DIFF,42.136899554481104,5.133333333333334
prev_sum_NAME_YIELD_GROUP_low_action,34.92265213330587,5.133333333333334
prev_sum_CODE_REJECT_REASON_SCO,24.196888597806296,5.133333333333334
cc_mean_CNT_DRAWINGS_CURRENT,41.103703324000044,5.133333333333333
cc_scale_sum_AMT_PAYMENT_CURRENT,33.453172131379446,5.133333333333333
CNT_CHILDREN,31.72941734790802,5.066666666666667
cc_mean36_AMT_RECEIVABLE_PRINCIPAL_DIFF,42.62849419911702,5.066666666666666
cc_scale_mean_scale_sum_AMT_PAYMENT_TOTAL_CURRENT,38.75529936949412,5.0
cc_mean36_AMT_BALANCE_CREDIT_RATIO,40.131237324078874,5.0
cc_mean4_CNT_DRAWINGS_POS_CURRENT,32.20206788207094,4.999999999999999
cc_mean_AMT_INST_MIN_REGULARITY,34.755772074063614,4.933333333333333
prev_refused_SK_ID_PREV_COUNT,29.170140570402147,4.933333333333333
cc_scale_mean_scale_sum_AMT_CREDIT_USE_RATIO,32.89776787559191,4.866666666666667
cc_mean4_AMT_DRAWINGS_POS_RATIO,34.640385723114015,4.866666666666666
cc_scale_sum_AMT_PAYMENT_TOTAL_CURRENT,35.298983454704285,4.866666666666666
cc_mean36_AMT_DRAWINGS_CURRENT,41.84303879737853,4.8
cc_mean12_AMT_BALANCE_RECIVABLE_RATIO,30.97516659100851,4.733333333333333
cc_max_AMT_DRAWINGS_POS_RATIO,34.79156785011291,4.733333333333333
prev_sum_NAME_CONTRACT_STATUS_Approved,38.99797404607136,4.7333333333333325
cc_mean12_AMT_DRAWINGS_POS_RATIO,30.923126014073688,4.666666666666667
cc_mean36_AMT_PAYMENT_CURRENT,31.034698168436687,4.666666666666667
prev_recent_NAME_PRODUCT_TYPE,32.369535489877066,4.666666666666667
cc_mean_AMT_TOTAL_RECEIVABLE,35.39364998737971,4.666666666666666
cc_mean12_CNT_DRAWINGS_POS_CURRENT,31.973372908433284,4.4
cc_scale_mean_scale_sum_AMT_DRAWINGS_POS_RATIO,30.500893274943035,4.333333333333333
AMT_REQ_CREDIT_BUREAU_WEEK,29.43982874552409,4.2666666666666675
cc_mean12_AMT_PAYMENT_CURRENT,28.979365142931545,4.2666666666666675
cc_mean_CNT_DRAWINGS_POS_CURRENT,32.25962209701538,4.266666666666667
cc_var_AMT_DRAWINGS_CURRENT,32.34729588826498,4.200000000000001
cc_mean12_AMT_TOTAL_RECEIVABLE,44.90883907874425,4.199999999999999
cc_max_AMT_CREDIT_LIMIT_ACTUAL,26.59708595275879,4.133333333333334
prev_sum_CHANNEL_TYPE_Contact center,26.219371922810875,4.133333333333333
cc_mean12_AMT_CREDIT_USE_RATIO,32.90203928450743,4.133333333333333
cc_max_AMT_INST_MIN_REGULARITY,33.01061846812566,4.066666666666667
cc_mean_AMT_DRAWINGS_CURRENT,31.039471260706584,4.066666666666667
cc_mean12_AMT_PAYMENT_TOTAL_CURRENT,29.77702864011129,4.066666666666667
cc_mean36_AMT_PAYMENT_TOTAL_CURRENT,29.335362736384077,4.066666666666667
cc_mean36_CNT_DRAWINGS_CURRENT,30.647609908878803,4.000000000000001
cc_mean_AMT_DRAWINGS_ATM_CURRENT,40.92397344907125,4.0
bureau_CREDIT_CURRENCY_mode_mean_encode,25.269851279258727,3.9333333333333336
prev_sum_NAME_CLIENT_TYPE_New,20.293375476201373,3.9333333333333336
FLAG_OWN_REALTY,25.522762004534407,3.866666666666667
cc_mean12_AMT_BALANCE,37.64662263393402,3.866666666666667
cc_min_AMT_TOTAL_RECEIVABLE,25.613286161422728,3.8666666666666663
prev_sum_NAME_CONTRACT_STATUS_Refused,26.640624809265137,3.8
cc_mean_SK_DPD,25.365305280685426,3.8
cc_scale_mean_scale_sum_CNT_DRAWINGS_POS_CURRENT,28.60835849444071,3.733333333333333
cc_scale_mean_scale_sum_AMT_PAYMENT_CURRENT,23.961590504646303,3.6
cc_mean_AMT_BALANCE,27.017912022272746,3.6
cc_mean4_AMT_DRAWINGS_OTHER_RATIO,10.4241499821345,3.6
ADULT_RATIO,24.79884192943573,3.5333333333333328
cc_mean36_AMT_DRAWINGS_POS_RATIO,24.419454741477967,3.4666666666666672
cc_mean_AMT_DRAWINGS_POS_RATIO,24.207285857200624,3.4666666666666663
cc_var_SK_DPD,16.47062677542369,3.4666666666666663
cc_scale_mean_scale_sum_SK_DPD_DEF,17.498155943552653,3.4
prev_recent_NFLAG_INSURED_ON_APPROVAL,23.454117202758788,3.333333333333333
AMT_REQ_CREDIT_BUREAU_MON,18.812271269162498,3.333333333333333
cc_Signed,12.596148665746053,3.2666666666666666
prev_recent_DAYS_FIRST_DRAWING,20.59852944215139,3.2
prev_sum_CHANNEL_TYPE_Channel of corporate sales,11.09002267519633,3.2
cc_scale_mean_scale_sum_AMT_BALANCE,28.91580685377121,3.1333333333333333
REG_CITY_NOT_WORK_CITY,21.630394061406456,2.9333333333333336
cc_mean36_CNT_DRAWINGS_POS_CURRENT,21.951769351959225,2.933333333333333
prev_approved_SK_ID_PREV_COUNT,22.963168645898502,2.9333333333333327
cc_scale_sum_CNT_DRAWINGS_POS_CURRENT,20.107535743713377,2.9333333333333327
cc_scale_sum_AMT_TOTAL_RECEIVABLE,19.002557917435965,2.8666666666666667
AMT_REQ_CREDIT_BUREAU_DAY,11.048272029558818,2.7333333333333334
cc_mean12_AMT_RECEIVABLE_PRINCIPAL_DIFF,25.874352463086446,2.7333333333333334
cc_scale_sum_AMT_BALANCE,24.901264929771425,2.666666666666667
cc_max_SK_DPD,9.245884641011555,2.666666666666667
REG_REGION_NOT_WORK_REGION,12.593227299054465,2.6
bureau_sum_STATUS_12CNT_DPD_SUM,25.585248104731242,2.5999999999999996
cc_scale_mean_scale_sum_AMT_TOTAL_RECEIVABLE,23.66996255616347,2.5999999999999996
cc_mean_SK_DPD_DEF,16.082536713282266,2.533333333333333
bureau_active_avg_AMT_CREDIT_SUM_OVERDUE,13.665557241439823,2.466666666666667
cc_max_AMT_DRAWING_ATM_RATIO,18.909107875823974,2.466666666666666
cc_mean12_AMT_INST_MIN_REGULARITY,15.691637637217841,2.4
prev_active_sum_AMT_DOWN_PAYMENT,17.011004662513734,2.4
cc_mean4_AMT_INST_MIN_REGULARITY,17.200409269332887,2.4
cc_scale_sum_AMT_INST_MIN_REGULARITY,17.319062401851017,2.333333333333333
cc_mean36_AMT_INST_MIN_REGULARITY,15.210338004430136,2.2
cc_mean36_AMT_BALANCE,14.796697640419003,2.1999999999999997
cc_scale_sum_SK_DPD,13.98168536822001,2.1333333333333333
cc_mean36_AMT_TOTAL_RECEIVABLE,14.921651347478232,2.0666666666666664
prev_sum_CODE_REJECT_REASON_LIMIT,14.892796279986698,2.0666666666666664
prev_recent_NAME_CLIENT_TYPE,21.47717005411784,2.0666666666666664
NAME_CONTRACT_TYPE,28.258447996775306,2.0
cc_scale_mean_scale_sum_AMT_INST_MIN_REGULARITY,13.12839424610138,2.0
cc_scale_mean_scale_sum_SK_DPD,11.748758109410604,1.9333333333333331
FLAG_DOCUMENT_18,13.67108600139618,1.8666666666666667
cc_var_AMT_DRAWINGS_OTHER_RATIO,8.249640655517577,1.8666666666666667
bureau_sum_AMT_CREDIT_SUM_OVERDUE,12.937584122021994,1.8
cc_MONTH_LAST_DPD,11.374452686309814,1.8
prev_recent_NAME_CONTRACT_TYPE,15.803005282084149,1.8
cc_var_SK_DPD_DEF,11.040539995829265,1.7333333333333332
prev_recent_NAME_CONTRACT_STATUS,13.224675289789834,1.5999999999999999
"prev_sum_NAME_TYPE_SUITE_Spouse, partner",10.732931546370189,1.5999999999999999
cc_MONTHS_BALANCE,9.757141224543254,1.5333333333333332
cc_Completed,7.232883969942728,1.5333333333333332
FLAG_DOCUMENT_11,4.275116682052612,1.4666666666666668
REG_REGION_NOT_LIVE_REGION,4.573003268241882,1.4666666666666668
cc_scale_sum_SK_DPD_DEF,8.750621954600017,1.4666666666666666
LIVE_REGION_NOT_WORK_REGION,5.154244033495585,1.3333333333333333
pos_NAME_CONTRACT_STATUS_CNT_Returned to the store,5.063376633326213,1.2666666666666668
prev_sum_CHANNEL_TYPE_AP+ (Cash loan),8.41155325571696,1.2666666666666666
prev_sum_NAME_PORTFOLIO_Cards,8.250075928370158,1.2666666666666664
bureau_AMT_SUM_OVERDUE_TOTAL_RATIO,5.801678649584453,1.2
prev_recent_NAME_PAYMENT_TYPE,9.835310014088948,1.2
prev_sum_CODE_REJECT_REASON_SCOFR,8.872371451059978,1.1333333333333333
EMERGENCYSTATE_MODE,8.631663672129314,1.1333333333333333
FLAG_EMAIL,5.330904698371887,1.0
cc_scale_mean_scale_sum_AMT_DRAWINGS_OTHER_RATIO,3.927899289131164,1.0
bureau_active_AMT_SUM_OVERDUE_TOTAL_RATIO,4.39261309703191,0.9333333333333333
bureau_active_sum_AMT_CREDIT_SUM_OVERDUE,6.880508613586426,0.9333333333333333
prev_sum_NAME_CONTRACT_STATUS_Unused offer,6.9336615085601805,0.9333333333333332
HOUSETYPE_MODE,4.212109305461248,0.8666666666666666
FLAG_DOCUMENT_6,6.293556038538616,0.8
cc_mean4_SK_DPD,4.812172015508016,0.7333333333333334
bureau_active_avg_CREDIT_DAY_OVERDUE,3.565092658996582,0.7333333333333332
prev_sum_NAME_TYPE_SUITE_Other_B,4.7896160125732425,0.6666666666666666
FLAG_EMP_PHONE,7.593036810557048,0.5999999999999999
bureau_sum_CNT_CREDIT_PROLONG,1.786349368095398,0.5333333333333334
bureau_active_sum_AMT_SUM_OVERDUE_RATIO,3.4968340237935385,0.5333333333333333
cc_max_AMT_PAY_USE_RATIO,4.831331984202067,0.5333333333333333
cc_max_CNT_DRAWINGS_OTHER_CURRENT,1.5546379725138346,0.5333333333333333
bureau_active_avg_AMT_SUM_OVERDUE_RATIO,2.7500445216894147,0.4666666666666667
cc_mean12_SK_DPD_DEF,1.8500800132751465,0.4666666666666667
cc_var_CNT_DRAWINGS_OTHER_CURRENT,2.206458020210266,0.4666666666666666
cc_max_AMT_DRAWINGS_OTHER_RATIO,3.3256072680155433,0.4666666666666666
cc_mean36_SK_DPD_DEF,2.3014806667963663,0.4666666666666666
prev_avg_RATE_INTEREST_PRIMARY,2.8753072738647463,0.4
bureau_active_avg_DAYS_ENDDATE_FACT,1.0987253348032633,0.4
cc_scale_mean_scale_sum_CNT_DRAWINGS_OTHER_CURRENT,2.3361426989237466,0.4
bureau_active_sum_CNT_CREDIT_PROLONG,1.7870213190714517,0.4
cc_mean12_SK_DPD,2.4054293473561605,0.4
bureau_active_sum_CREDIT_DAY_OVERDUE,0.8858819882074991,0.33333333333333337
pos_recent_SK_DPD,2.59274001121521,0.3333333333333333
cc_mean36_SK_DPD,2.226471964518229,0.3333333333333333
prev_sum_NAME_TYPE_SUITE_Children,2.26395533879598,0.3333333333333333
cc_scale_sum_CNT_DRAWINGS_OTHER_CURRENT,0.9460973103841146,0.26666666666666666
bureau_active_avg_CNT_CREDIT_PROLONG,1.8127213795979817,0.26666666666666666
prev_avg_RATE_INTEREST_PRIVILEGED,1.5552300294240315,0.26666666666666666
cc_mean12_AMT_DRAWINGS_OTHER_RATIO,0.8310253302256265,0.26666666666666666
cc_mean_AMT_DRAWINGS_OTHER_RATIO,1.8548906803131104,0.26666666666666666
cc_scale_sum_AMT_DRAWINGS_OTHER_RATIO,1.495426670710246,0.26666666666666666
prev_active_count,2.1195006370544434,0.26666666666666666
bureau_avg_CREDIT_DAY_OVERDUE,0.7624174860616525,0.2
bureau_sum_CREDIT_DAY_OVERDUE,0.6987359921137493,0.2
prev_sum_NAME_TYPE_SUITE_Other_A,1.5575953483581544,0.2
AMT_REQ_CREDIT_BUREAU_TOTAL,0.8333266894022625,0.2
bureau_sum_AMT_SUM_OVERDUE_RATIO,0.7592153231302897,0.2
pos_recent_SK_DPD_DEF,1.5950833638509114,0.13333333333333333
cc_mean36_AMT_DRAWINGS_OTHER_RATIO,0.644922669728597,0.13333333333333333
FLAG_DOCUMENT_16,1.316564687093099,0.13333333333333333
prev_recent_RATE_INTEREST_PRIVILEGED,0.8955140113830566,0.13333333333333333
inst_max_AMT_PAYMENT_PERC,1.277047348022461,0.13333333333333333
prev_sum_NAME_TYPE_SUITE_Group of people,0.08045799732208252,0.06666666666666667
AMT_REQ_CREDIT_BUREAU_HOUR,0.5375253041585286,0.06666666666666667
cc_mean4_SK_DPD_DEF,0.5139840126037598,0.06666666666666667
cc_mean12_CNT_DRAWINGS_OTHER_CURRENT,0.026308399438858033,0.06666666666666667
prev_sum_CODE_REJECT_REASON_XNA,0.43135534922281904,0.06666666666666667
bureau_sum_CREDIT_ACTIVE_Sold,0.5285880088806152,0.06666666666666667
cc_SK_DPD,0.11054000059763591,0.06666666666666667
cc_var_CNT_ACCOUNT_W_MONTH,0.0,0.0
bureau_recent_CNT_CREDIT_PROLONG,0.0,0.0
prev_sum_NAME_PORTFOLIO_Cars,0.0,0.0
FLAG_DOCUMENT_20,0.0,0.0
FLAG_DOCUMENT_19,0.0,0.0
bureau_recent_CREDIT_DAY_OVERDUE,0.0,0.0
FLAG_DOCUMENT_17,0.0,0.0
cc_Sent proposal,0.0,0.0
FLAG_DOCUMENT_15,0.0,0.0
cc_SK_DPD_DEF,0.0,0.0
FLAG_DOCUMENT_14,0.0,0.0
bureau_sum_CREDIT_ACTIVE_Bad debt,0.0,0.0
bureau_sum_CREDIT_CURRENCY_currency 2,0.0,0.0
prev_sum_NAME_PAYMENT_TYPE_Non-cash from your account,0.0,0.0
bureau_sum_CREDIT_CURRENCY_currency 3,0.0,0.0
FLAG_DOCUMENT_13,0.0,0.0
cc_mean36_CNT_DRAWINGS_OTHER_CURRENT,0.0,0.0
FLAG_CONT_MOBILE,0.0,0.0
cc_mean36_CNT_ACCOUNT_W_MONTH,0.0,0.0
bureau_sum_CREDIT_CURRENCY_currency 4,0.0,0.0
pos_NAME_CONTRACT_STATUS_CNT_XNA,0.0,0.0
bureau_used_other_currency,0.0,0.0
cc_Approved,0.0,0.0
cc_Demand,0.0,0.0
FLAG_DOCUMENT_21,0.0,0.0
prev_sum_NAME_PAYMENT_TYPE_Cashless from the account of the employer,0.0,0.0
cc_max_SK_DPD_DEF,0.0,0.0
pos_NAME_CONTRACT_STATUS_CNT_Amortized debt,0.0,0.0
cc_mean_CNT_DRAWINGS_OTHER_CURRENT,0.0,0.0
cc_mean_CNT_ACCOUNT_W_MONTH,0.0,0.0
cc_max_CNT_ACCOUNT_W_MONTH,0.0,0.0
prev_sum_CHANNEL_TYPE_Car dealer,0.0,0.0
prev_sum_CODE_REJECT_REASON_SYSTEM,0.0,0.0
prev_sum_CODE_REJECT_REASON_VERIF,0.0,0.0
prev_recent_RATE_INTEREST_PRIMARY,0.0,0.0
cc_Refused,0.0,0.0
cc_scale_mean_scale_sum_CNT_ACCOUNT_W_MONTH,0.0,0.0
bureau_active_sum_DAYS_ENDDATE_FACT,0.0,0.0
bureau_recent_AMT_CREDIT_SUM_OVERDUE,0.0,0.0
pos_NAME_CONTRACT_STATUS_CNT_Approved,0.0,0.0
FLAG_DOCUMENT_4,0.0,0.0
cc_mean4_CNT_DRAWINGS_OTHER_CURRENT,0.0,0.0
cc_mean4_CNT_ACCOUNT_W_MONTH,0.0,0.0
prev_sum_NAME_CLIENT_TYPE_XNA,0.0,0.0
pos_NAME_CONTRACT_STATUS_CNT_Canceled,0.0,0.0
FLAG_DOCUMENT_9,0.0,0.0
pos_NAME_CONTRACT_STATUS_CNT_Demand,0.0,0.0
bureau_recent_AMT_SUM_OVERDUE_RATIO,0.0,0.0
FLAG_DOCUMENT_7,0.0,0.0
cc_mean12_CNT_ACCOUNT_W_MONTH,0.0,0.0
FLAG_DOCUMENT_5,0.0,0.0
prev_sum_NAME_CONTRACT_TYPE_XNA,0.0,0.0
cc_MONTH_LAST_DPD7,0.0,0.0
